pageId,title,subtitle,content
score-report,成绩报告,成绩报告功能需求文档,"# 成绩报告成绩报告用于查看各实训步骤的答题结果和得分情况。
## 元素
### 步骤
- 大标题为实训步骤名称。
- 每个步骤显示该步骤的总得分。
- 每个步骤下方展示该步骤包含的具体任务。
### 任务
- 小标题为具体任务名称。
- 每个任务显示答题状态图标、任务名称、选择答案和任务得分。
- 答题正确时，显示正确图标、任务名称、选择答案和得分。
- 答题错误时，显示错误图标、任务名称、选择答案和得分。
- 答题错误时，在任务下方显示正确答案和解析。
## 展示规则
- 正确任务只显示一行结果。
- 错误任务显示一行结果，并展开正确答案和解析。
- 选择答案显示学生提交的答案。
- 得分显示该任务的实际得分和满分。
- 正确答案用于说明标准结果。
- 解析用于说明为什么该答案正确。
## 验收
- 每个步骤能看到步骤名称和步骤得分。
- 每个任务能看到任务名称、选择答案和得分。
- 正确任务显示正确图标。
- 错误任务显示错误图标。
- 错误任务下方显示正确答案和解析。"
training-steps,实训步骤,实训步骤流程需求文档,1
data-processing,数据处理,数据处理与分析需求文档,1
multi-period-analysis,多期数据分析,多期数据对比分析需求文档,1
